Employee Name,Discount Category,Employee Code,Designation,Department,DATE OF JOINING
Soumya,E1,BSS1111,SMS,6-May-2024
Pradeep Kumar Verma,E1,BSS1087,BDM - Noida,SALES & MARKETING,6-May-2024
Sanjib Das,E1,BSS1089,BDE - KOLKATTA,SALES & MARKETING,9-May-2024
Tanu Jha,E1,BSS1091,BDE - JAMSHEDPUR,SALES & MARKETING,10-May-2024
Surendra K,E1,BSS1299,RSM - AP/Telangana with Hyderabad HQ,SALES & MARKETING,10-Mar-2025
Mritunjay Pandey,E1,BSS1092,BDE - RANCHI,SALES & MARKETING,10-May-2024
Sarika Vilas Pawar,E1,BSS1103,BDE - Pune 1,SALES & MARKETING,1-Jun-2024
Archana Jaswant More,E1,BSS1104,BDE - Pune 2,SALES & MARKETING,1-Jun-2024
Prashant Sharma,E1,BSS1115,RSM - North India,SALES & MARKETING,11-Jun-2024
Rajan Amarnath,E1,BSS1125,RSM - South India,SALES & MARKETING,19-Jun-2024
Sherwin Tennyson,E1,BSS1126,SR. BDE - COIMBATORE,SALES & MARKETING,19-Jun-2024
Karthik TSV,E1,BSS1150,ASM - AP & Key Accounts Manager,SALES & MARKETING,27-Jul-2024
Karan Sharma,E1,BSS1152,BDM - Lucknow,SALES & MARKETING,1-Aug-2024
Paras,E1,BSS1154,ASM - Haryana,SALES & MARKETING,1-Aug-2024
A Jagadishwera Rao,E1,BSS1156,AGM Sales - South India,SALES & MARKETING,1-Aug-2024
M. Shanawaz Khan,E1,BSS1157,ASM - Bengaluru,SALES & MARKETING,8-Aug-2024
Rahul Kumar,E1,BSS1158,ASM - Chhattisgarh,SALES & MARKETING,7-Aug-2024
Navin Kumar Chatla,E1,BSS1168,ASM - Hyderabad,SALES & MARKETING,21-Aug-2024
Neha Kanojiya,E1,BSS1180,BDE - Raipur,SALES & MARKETING,1-Sep-2024
Sreekumar P S,E1,BSS1182,ASM - Cochin,SALES & MARKETING,6-Sep-2024
Gourav Sharma,E1,BSS1183,BDE - Chandigarh,SALES & MARKETING,9-Sep-2024
Mayank Singh,E1,BSS1184,BDM - Chhattisgarh,SALES & MARKETING,1-Oct-2024
Bholaram Prakash Kachewar,E1,BSS1186,BDM - Nagpur,SALES & MARKETING,12-Sep-2024
M. Dinesh Kumar,E1,BSS1190,ASM - Tamil Nadu,SALES & MARKETING,3-Oct-2024
Shobha Singh,E1,BSS1194,BDE - Navi Mumbai,SALES & MARKETING,7-Oct-2024
Tejashree Ahire,E1,BSS1195,Techno Sales - Nashik,SALES & MARKETING,7-Oct-2024
Mohit Thakur,E1,BSS1198,BDE - East Delhi & Ghaziabad,SALES & MARKETING,3-Oct-2024
Mriganka Dev Mahanta,E1,BSS1201,ASM - 7 Sisters,SALES & MARKETING,14-Oct-2024
Somanth Basu,E1,BSS1206,ASM - KOLKATTA,SALES & MARKETING,14-Oct-2024
Ajay Singh,E1,BSS1208,SO - Guwahati & Lower Assam,SALES & MARKETING,17-Oct-2024
Dharmendra Panchal,E1,BSS1216,RSM - Central India (M.P & Gujrat),SALES & MARKETING,4-Nov-2024
Purabi Das,E1,BSS1221,SO - Guwahati,SALES & MARKETING,12-Nov-2024
Souvik Mitra,E1,BSS1225,BDM - Kolkata,SALES & MARKETING,18-Nov-2024
Arvind Singh,E1,BSS1226,BDM - Western Mumbai,SALES & MARKETING,18-Nov-2024
Moin Khan,E1,BSS1227,Sr. BDM - South Delhi & Jaipur,SALES & MARKETING,20-Nov-2024
Sashikant Mallick,E1,BSS1228,BDE - Bhubaneshwar,SALES & MARKETING,20-Nov-2024
Harshal Mahesh Khadekar,E1,BSS1231,SO - Nashik,SALES & MARKETING,22-Nov-2024
Sujata Pandit,E1,BSS1236,BDE - Central Mumbai,SALES & MARKETING,2-Dec-2024
Priyanka Das,E1,BSS1242,BDE - Dibrugarh,SALES & MARKETING,11-Dec-2024
Megha Goswami,E1,BSS1245,BDM - East Delhi,SALES & MARKETING,12-Dec-2024
Gourav Kumar,E1,BSS1255,BDE - Amritsar,SALES & MARKETING,1-Jan-2025
Lovekesh Kumar,E1,BSS1260,Sr. BDM,SALES & MARKETING,8-Jan-2025
Sandeep Kaur,E1,BSS1261,"ASM - Punjab, H.P, & Jammu",SALES & MARKETING,14-Jan-2025
Archana,E1,BSS1265,BDM - Mysore,SALES & MARKETING,17-Jan-2025
Soniya Mehta,E1,BSS1267,BDE - Ludhiana,SALES & MARKETING,20-Jan-2025
Mousom Gogoi,E1,BSS1268,BDE - Tinsukia,SALES & MARKETING,22-Jan-2025
Ahad Ali,E1,BSS1270,SO - Bhopal,SALES & MARKETING,1-Feb-2025
Veena Tapre,E1,BSS1271,BDE - Baroda,SALES & MARKETING,1-Feb-2025
Abhay Kumar,E1,BSS1276,ASM - Rajasthan,SALES & MARKETING,3-Feb-2025
Mohd Kalim Shaikh,E1,BSS1279,BDE - Western Mumbai,SALES & MARKETING,5-Feb-2025
Asha Sharma,E1,BSS1282,BDE - Faridabad,SALES & MARKETING,11-Feb-2025
K.Rani,E1,BSS1283,BDE  Visakhapatnam,SALES & MARKETING,12-Feb-2025
Sajina.K,E1,BSS1284,BDE  Kannur,SALES & MARKETING,14-Feb-2025
B.Sushma,E1,BSS1285,BDE  Secunderabad,SALES & MARKETING,13-Feb-2025
Goutam Bin,E1,BSS1286,BDE - Agartala HQ,SALES & MARKETING,18-Feb-2025
Kanhaiya Devar,E1,BSS1288,ASM - ROTN,SALES & MARKETING,7-Feb-2025
Satish Tyagi,E1,BSS1318,ASM - (DELHI NCR),SALES & MARKETING,3-Mar-2025
Navita Kumari,E1,BSS1291,DSR Dhanbad HQ,SALES & MARKETING,2-Jan-2025
Kamal Halder,E1,BSS1293,BDE - Siliguri,SALES & MARKETING,3-Mar-2025
Prathamesh Dixit,E1,BSS1300,BDM -Thane and Navi Mumbai for Mumbai territory,SALES & MARKETING,10-Mar-2025
Kunal Sureshrao Musale,E1,BSS1305,RSM - ROM (Nagpur HQ),SALES & MARKETING,11-Mar-2025
Soma Mukherjee,E1,BSS1311,BDE - Ranchi,SALES & MARKETING,25-Mar-2025
Kiran Kahar,E1,BSS1312,BDE - Kota HQ,SALES & MARKETING,25-Mar-2025
Arun Verma,E1,BSS1313,SO - (Kanpur HQ),SALES & MARKETING,1-Apr-2025
Anjum Abdul Ghaffar,E1,BSS1314,BDE - Nagpur HQ,SALES & MARKETING,7-Apr-2025
Bindu A,E1,BSS1316,ASM - Karnataka,SALES & MARKETING,10-Apr-2025
Manish Kumar ,E1,BSS1317,BDE - Jodhpur HQ,SALES & MARKETING,11-Apr-2025
Dimpi Bhola,E1,BSS1319,BDE - Meerut,SALES & MARKETING,14-Apr-2025
Neha Sharma,E1,BSS1320, BDE - Jaipur,SALES & MARKETING,14-Apr-2025
Ekta Bhasin,E1,BSS1321,BDE - Zirakpur,SALES & MARKETING,14-Apr-2025
Adarsh Tiwari,E1,BSS1304,BDM Pune HQ,SALES & MARKETING,
Sneha Maria,E1,BSS1306,ATM  in TN & KL- (Chennai  HQ),SALES & MARKETING,
Chirag Sharma ,E1,BSS1294, BDE - Firozpur,SALES & MARKETING,1-Mar-2025
Yogesh,E1,BSS1296,BDM - Haryana Pepsu HQ,SALES & MARKETING,17-Mar-2025
Gaurav Kumar,E1,BSS1301,BDM -Rudrapur HQ,SALES & MARKETING,11-Mar-2025
Jayshree Reddy,E1,BSS1302,BDM -Ajmer HQ,SALES & MARKETING,10-Mar-2025
Arunesh Kumar Gupta,E1,BSS1307,BDE - Gorakhpur HQ,SALES & MARKETING,17-Mar-2025
Monika,E1,BSS1308,BDE - West Delhi HQ,SALES & MARKETING,24-Mar-2025
B. B. Lalatendu,E1,BSS1135,Sr. BDE - Cuttack & Bhubaneshwar,SALES & MARKETING ,1-Jul-2024
Kajal sarkar,E1,BSS1110,Technical Trainer - Delhi NCR,TRAINING,12-Jun-2024
Kajal Jha,E1,BSS1138,Technical Trainer - Delhi NCR,TRAINING,15-Jul-2024
A. Saranya,E1,BSS1173,Technical Trainer - Coimbatore ,TRAINING,20-Aug-2024
Annie Sophia ,E1,BSS1177,Technical Trainer - Bengaluru,TRAINING,2-Sep-2024
Swati Bhuruk,E1,BSS1178,Technical Trainer - Hyderabad ,TRAINING,4-Sep-2024
Shelza Khan,E1,BSS1188,Technical Educator,TRAINING,19-Sep-2024
Priya G,E1,BSS1191,Technical Educator - Kerala,TRAINING,7-Sep-2024
Moumita Nandy,E1,BSS1205,RTM - East Zone,TRAINING,4-Oct-2024
Geeta I Jagtap,E1,BSS1210,Technical Trainer - Mumbai,TRAINING,18-Oct-2024
Anitha Jackline,E1,BSS1214,Techno Sales - Bengaluru,TRAINING,25-Oct-2024
Hida Tahir,E1,BSS1224,Technical Trainer - UP East,TRAINING,18-Nov-2024
Blessy Kikon,E1,BSS1239,Technosales - Dimapur,TRAINING,2-Dec-2024
Geeta Sharma,E1,BSS1241,Technosales - Saharanpur,TRAINING,4-Dec-2024
Payel Chatterjee,E1,BSS1243,Technical Trainer - East India,TRAINING,7-Dec-2024
Barnali,E1,BSS1249,Sr. Technical Educator - Raipur,TRAINING,16-Dec-2024
Manju Kumari,E1,BSS1250,Technical Educator - Jharkhand,TRAINING,23-Dec-2024
Sherin K,E1,BSS1252,Technical Educator - Palakkad,TRAINING,2-Jan-2025
Parneeta Rani,E1,BSS1253,Technical Educator - Punjab,TRAINING,23-Dec-2024
Jiteshta Thukral,E1,BSS1256,Technical Educator - Delhi/NCR,TRAINING,6-Jan-2025
Sangita Dattatray Walunj,E1,BSS1257,Technosales - Mumbai,TRAINING,2-Jan-2025
Rita Das,E1,BSS1258,Technical Educator - Kolkata,TRAINING,8-Jan-2025
Dhammjyoti Sambharkar,E1,BSS1259,Technical Educator - Nagpur,TRAINING,7-Jan-2025
Sandhya Rani Das,E1,BSS1262,Technical Educator - Bhubaneshwar,TRAINING,20-Jan-2025
Saleen Shaikh,E1,BSS1264,Technical Educator - M.P,TRAINING,16-Jan-2025
Ashwini Deshmukh,E1,BSS1273,Techno sale - Pune PCMC,TRAINING,28-Jan-2025
Priya Gandhi,E1,BSS1274,Technical Trainer - Ambala HQ,TRAINING,3-Feb-2025
Deepti Singh,E1,BSS1277,"Technical Educator- (Punjab, H.P)",TRAINING,3-Mar-2025
Mamta Sinha,E1,BSS1295,Technosale- Varanasi ,TRAINING,3-Mar-2025
Shalaka Preetam Shetye,E1,BSS1315,Jr. Technical Educator- (Mumbai),TRAINING,8-Apr-2025
Poonam Sharma,E1,BSS1290,Technosale- Kanpur ,TRAINING,8-Mar-2025
Abhay Tiwari,E1,BSS1032,EXECUTIVE - R&D,R&D,19-Feb-2024
Roli Tiwari,E1,BSS1033,SR. EXECUTIVE R&D,R&D,1-Feb-2024
Sandhya Gupta,E1,BSS1325,BDE - Jammu and Kashmir HQ,SALES & MARKETING,17-Apr-2025
