Employee Code,Discount Category,Employee Name,DATE OF JOINING,Designation,Department,Zone
BSS1262,E1,Sandhya Rani Das,20-Jan-2025,Technical Educator - Bhubaneshwar,TRAINING,EAST ZONE
BSS1087,E1,Pradeep Kumar Verma,6-May-2024,BDM - Noida,SALES & MARKETING,NORTH ZONE
BSS1089,E1,Sanjib Das,9-May-2024,BDE - KOLKATTA,SALES & MARKETING,EAST ZONE
BSS1091,E1,Tanu Jha,10-May-2024,BDE - JAMSHEDPUR,SALES & MARKETING,EAST ZONE
BSS1092,E1,Mritunjay Pandey,10-May-2024,BDE - RANCHI,SALES & MARKETING,EAST ZONE
BSS1104,E1,Archana Jaswant More,1-Jun-2024,BDE - Pune 2,SALES & MARKETING,WEST ZONE
BSS1110,E1,Kajal sarkar,12-Jun-2024,Technical Trainer - Delhi NCR,TRAINING,NORTH ZONE
BSS1115,E1,Prashant Sharma,11-Jun-2024,RSM - North India,SALES & MARKETING,NORTH ZONE
BSS1156,E1,A Jagadishwera Rao,1-Aug-2024,AGM Sales - South India,SALES & MARKETING,SOUTH ZONE
BSS1125,E1,Amarnath Rajan,19-Jun-2024,RSM - South India,SALES & MARKETING,SOUTH ZONE
BSS1126,E1,Sherwin Tennyson,19-Jun-2024,SR. BDE - COIMBATORE,SALES & MARKETING,SOUTH ZONE
BSS1135,E1,B. B. Lalatendu,1-Jul-2024,Sr. BDE - Cuttack & Bhubaneshwar,SALES & MARKETING,EAST ZONE
BSS1138,E1,Kajal Jha,15-Jul-2024,Technical Trainer - Delhi NCR,TRAINING,NORTH ZONE
BSS1150,E1,Karthik TSV,27-Jul-2024,ASM - AP & Key Accounts Manager,SALES & MARKETING,SOUTH ZONE
BSS1152,E1,Karan Sharma,1-Aug-2024,BDM - Lucknow,SALES & MARKETING,NORTH ZONE
BSS1154,E1,Paras,1-Aug-2024,ASM - Haryana,SALES & MARKETING,NORTH ZONE
BSS1158,E1,Rahul Kumar,7-Aug-2024,ASM - Chhattisgarh,SALES & MARKETING,EAST ZONE
BSS1177,E1,Annie Sophia,2-Sep-2024,Technical Trainer - Bengaluru,TRAINING,SOUTH ZONE
BSS1178,E1,Swati Bhuruk,4-Sep-2024,Technical Trainer - Hyderabad,TRAINING,SOUTH ZONE
BSS1182,E1,Sreekumar P S,6-Sep-2024,ASM - Cochin,SALES & MARKETING,SOUTH ZONE
BSS1186,E1,Bholaram Prakash Kachewar,12-Sep-2024,BDM - Nagpur,SALES & MARKETING,WEST ZONE
BSS1188,E1,Shelza Khan,19-Sep-2024,Technical Educator,TRAINING,NORTH ZONE
BSS1198,E1,Mohit Thakur,3-Oct-2024,BDE - East Delhi & Ghaziabad,SALES & MARKETING,NORTH ZONE
BSS1201,E1,Mriganka Dev Mahanta,14-Oct-2024,ASM - 7 Sisters,SALES & MARKETING,EAST ZONE
BSS1208,E1,Ajay Singh,17-Oct-2024,SO - Guwahati & Lower Assam,SALES & MARKETING,EAST ZONE
BSS1210,E1,Geeta I Jagtap,18-Oct-2024,Technical Trainer - Mumbai,TRAINING,WEST ZONE
BSS1214,E1,Anitha Jackline,25-Oct-2024,Techno Sales - Bengaluru,TRAINING,SOUTH ZONE
BSS1216,E1,Dharmendra Panchal,4-Nov-2024,RSM - Central India (M.P & Gujrat),SALES & MARKETING,CENTRAL ZONE
BSS1228,E1,Sashikant Mallick,20-Nov-2024,BDE - Bhubaneshwar,SALES & MARKETING,EAST ZONE
BSS1241,E1,Geeta Sharma,4-Dec-2024,Technosales - Saharanpur,TRAINING,NORTH ZONE
BSS1250,E1,Manju Kumari,23-Dec-2024,Technical Educator - Jharkhand,TRAINING,EAST ZONE
BSS1252,E1,Sherin K,2-Jan-2025,Technical Educator - Palakkad,TRAINING,SOUTH ZONE
BSS1253,E1,Parneeta Rani,23-Dec-2024,Technical Educator - Punjab,TRAINING,NORTH ZONE
BSS1255,E1,Gourav Kumar,1-Jan-2025,BDE - Amritsar,SALES & MARKETING,NORTH ZONE
BSS1257,E1,Sangita Dattatray Walunj,2-Jan-2025,Technosales - Mumbai,TRAINING,WEST ZONE
BSS1259,E1,Dhammjyoti Sambharkar,7-Jan-2025,Technical Educator - Nagpur,TRAINING,WEST ZONE
BSS1260,E1,Lovekesh Kumar,8-Jan-2025,Sr. BDM,SALES & MARKETING,NORTH ZONE
BSS1261,E1,Sandeep Kaur,14-Jan-2025,"ASM - Punjab, H.P, & Jammu",SALES & MARKETING,NORTH ZONE
BSS1264,E1,Saleen Shaikh,16-Jan-2025,Technical Educator - M.P,TRAINING,CENTRAL ZONE
BSS1265,E1,Archana,17-Jan-2025,BDM - Mysore,SALES & MARKETING,SOUTH ZONE
BSS1267,E1,Soniya Mehta,20-Jan-2025,BDE - Ludhiana,SALES & MARKETING,NORTH ZONE
BSS1270,E1,Ahad Ali,1-Feb-2025,SO - Bhopal,SALES & MARKETING,CENTRAL ZONE
BSS1274,E1,Priya Gandhi,3-Feb-2025,Technical Trainer - Ambala HQ,TRAINING,NORTH ZONE
BSS1276,E1,Abhay Kumar,3-Feb-2025,ASM - Rajasthan,SALES & MARKETING,WEST ZONE
BSS1277,E1,Deepti Singh,3-Mar-2025,"Technical Educator- (Punjab, H.P)",TRAINING,NORTH ZONE
BSS1284,E1,Sajina.K,14-Feb-2025,BDE  Kannur,SALES & MARKETING,SOUTH ZONE
BSS1285,E1,B.Sushma,13-Feb-2025,BDE  Secunderabad,SALES & MARKETING,SOUTH ZONE
BSS1288,E1,Kanhaiya Devar,7-Feb-2025,ASM - ROTN,SALES & MARKETING,SOUTH ZONE
BSS1291,E1,Navita Kumari,2-Jan-2025,DSR Dhanbad HQ,SALES & MARKETING,EAST ZONE
BSS1294,E1,Chirag Sharma,1-Mar-2025,BDE - Firozpur,SALES & MARKETING,NORTH ZONE
BSS1295,E1,Mamta Sinha,3-Mar-2025,Technosale- Varanasi,TRAINING,NORTH ZONE
BSS1301,E1,Gaurav Kumar,11-Mar-2025,BDM -Rudrapur HQ,SALES & MARKETING,NORTH ZONE
BSS1302,E1,Jayshree Reddy,10-Mar-2025,BDM -Ajmer HQ,SALES & MARKETING,WEST ZONE
BSS1305,E1,Kunal  Musale,11-Mar-2025,RSM - ROM (Nagpur HQ),SALES & MARKETING,EAST ZONE
BSS1307,E1,Arunesh Kumar Gupta,17-Mar-2025,BDE - Gorakhpur HQ,SALES & MARKETING,NORTH ZONE
BSS1311,E1,Soma Mukherjee,25-Mar-2025,BDE - Ranchi,SALES & MARKETING,EAST ZONE
BSS1312,E1,Kiran Kahar,25-Mar-2025,BDE - Kota HQ,SALES & MARKETING,WEST ZONE
BSS1313,E1,Arun Verma,1-Apr-2025,SO - (Kanpur HQ),SALES & MARKETING,NORTH ZONE
BSS1314,E1,Anjum Abdul Ghaffar,7-Apr-2025,BDE - Nagpur HQ,SALES & MARKETING,WEST ZONE
BSS1315,E1,Shalaka Preetam Shetye,8-Apr-2025,Jr. Technical Educator- (Mumbai),TRAINING,WEST ZONE
BSS1316,E1,Bindu A,10-Apr-2025,ASM - Karnataka,SALES & MARKETING,SOUTH ZONE
BSS1317,E1,Manish Kumar,11-Apr-2025,BDE - Jodhpur HQ,SALES & MARKETING,WEST ZONE
BSS1318,E1,Satish Tyagi,3-Mar-2025,BDM - (NORTH-DELHI),SALES & MARKETING,NORTH ZONE
BSS1319,E1,Dimpi Bhola,14-Apr-2025,BDE - Meerut,SALES & MARKETING,NORTH ZONE
BSS1320,E1,Neha Sharma,14-Apr-2025,BDE - Jaipur,SALES & MARKETING,WEST ZONE
BSS1321,E1,Ekta Bhasin,14-Apr-2025,BDE - Zirakpur,SALES & MARKETING,NORTH ZONE
BSS1323,E1,Vijay Lagdhir,16-Apr-2025,BDM - Rajkot HQ,SALES & MARKETING,CENTRAL ZONE
BSS1324,E1,Firdoua Sheikh,16-Apr-2025,BDE - Raipur HQ,SALES & MARKETING,EAST ZONE
BSS1325,E1,Sandhya Gupta,17-Apr-2025,BDE - Jammu and Kashmir HQ,SALES & MARKETING,NORTH ZONE
BSS1326,E1,Mamatha.R,23-Apr-2025,Technosale - North South Bangalore,SALES & MARKETING,SOUTH ZONE
BSS1327,E1,K.Sunanda,24-Apr-2025,Sr. ASM - Telangana,SALES & MARKETING,SOUTH ZONE
BSS1331,E1,Rekha Jitendra Jadhav,17-Apr-2025,BDE - Mumbai,SALES & MARKETING,WEST ZONE
BSS1332,E1,Kamal Sonkar,5-May-2025,SO - (Lucknow HQ),SALES & MARKETING,NORTH ZONE
BSS1333,E1,Ram Mandel,15-May-2025,BDM -Region (Raipur HQ),SALES & MARKETING,EAST ZONE
BSS1335,E1,Rajesh  Kumar,8-May-2025,BDE- Himachal,SALES & MARKETING,NORTH ZONE
BSS1336,E1,Jatin,10-May-2025,BDE - Jalandhar HQ,SALES & MARKETING,WEST ZONE
BSS1340,E1,Kavitha Sampath,15-May-2025,Technical Educator - Tamilnadu HQ,TRAINING,SOUTH ZONE
BSS1341,E1,Pallavi,15-May-2025,Technical Educator- Raipur Chhattisgarh,TRAINING,EAST ZONE
BSS1343,E1,Arkaprava Jana,13-May-2025,BDE - Kolkata HQ,SALES & MARKETING,EAST ZONE
BSS1344,E1,Ketan Shah,13-May-2025,BDE - Mumbai  HQ,SALES & MARKETING,WEST ZONE
BSS1345,E1,Sayan Adhikari,14-May-2025,SO - Howrah(Kolkata),SALES & MARKETING,EAST ZONE
BSS1347,E1,Balkishan Goenka,12-May-2025,Business Manager - East region siliguri,SALES & MARKETING,EAST ZONE
BSS1348,E1,Hiral Jain,16-May-2025,DSR - Ahmedabad,SALES & MARKETING,WEST ZONE
BSS1351,E1,Md Salman Khan,20-May-2025,BDE - Siliguri HQ,SALES & MARKETING,EAST ZONE
BSS1352,E1,"S. Rohini Subramanian,",20-May-2025,Technical Educator (Mckingstone) - Chennai HQ,TRAINING,SOUTH ZONE
BSS1355,E1,Shubham Chauhan,5-Jun-2025,BDE - Agra HQ,SALES & MARKETING,NORTH ZONE
BSS1353,E1,Atal,22-May-2025,Business Promoter -Bhubaneswar HQ,SALES & MARKETING,EAST ZONE
BSS1354,E1,N.Latha,22-May-2025,BDE - Hyderabad  HQ,SALES & MARKETING,SOUTH ZONE
BSS1355,E1,Shubham Chauhan,5-Jun-2025,BDE - Agra HQ,SALES & MARKETING,NORTH ZONE
BSS1356,E1,Girish Saneja,6-Jun-2025,ASM - (DELHI NCR),SALES & MARKETING,NORTH ZONE
BSS1357,E1,Pankaj Das,1-Jun-2025,BDE - Guwahati (Lower Assam),SALES & MARKETING,EAST ZONE
BSS1358,E1,Ijafa Begum,1-Jun-2025,BDE - Shillong HQ,SALES & MARKETING,EAST ZONE
BSS1359,E1,Akash Hudedmani,26-May-2025,BDE - North Karnataka,SALES & MARKETING,SOUTH ZONE
BSS1360,E1,Paramita Roy,11-Jun-2025,BDE - Durgapur HQ,SALES & MARKETING,EAST ZONE
BSS1361,E1,Suchitra Datta,1-Jun-2025,BDE - Silchar HQ,SALES & MARKETING,EAST ZONE
BSS1362,E1,Shalu Mehrotha,10-Jun-2025,BDE - Moradabad HQ,SALES & MARKETING,NORTH ZONE
BSS1363,E1, K.Siva,2-Jun-2025,Sr.ASM - TN +Chennai,SALES & MARKETING,SOUTH ZONE
BSS1364,E1,Neha Mankotia,2-Jun-2025,Technical Trainer- Delhi (NCR) HQ,TRAINING,NORTH ZONE
BSS1365,E1,Diya,3-Jun-2025,Technical Trainer - Lucknow- HQ,TRAINING,NORTH ZONE
BSS1366,E1,Aastha,11-Jun-2025,Technical Trainer - Delhi NCR HQ,TRAINING,NORTH ZONE
BSS1367,E1,Sanjib Das,5-Jun-2025,BDE - North 24 Pargana,SALES & MARKETING,
BSS1368,E1,Kanchan,10-Jun-2025,Techno sales - Gurugram- HQ,SALES & MARKETING,NORTH ZONE
BSS1373,E1,Dinesh,9-Jun-2025,BDE - Jalgaon- HQ,SALES & MARKETING,
BSS1374,E1,Shrikant,9-Jun-2025,BDE - Jhunjhunu- HQ,SALES & MARKETING,
BSS1375,E1,Prahlad,10-Jun-2025,"BDE , - Purnia (Bihar) HQ",SALES & MARKETING,
BSS1376,E1,Roli,10-Jun-2025,CRM - Noida ,,
BSS1377,E1,Vikas,10-Jun-2025,BDE - Bareilly HQ,SALES & MARKETING,NORTH ZONE
BSS1378,E1,Vinit,11-Jun-2025,BDE- Ranchi HQ,SALES & MARKETING,